fitness,lr0,momentum,weight_decay,hsv_s,hsv_v,scale
0.47149,0.01,0.937,0.0005,0.7,0.4,0.5
0.47167,0.00572,0.78209,0.005,0.9,0.29536,0.49295
0.46603,0.01046,0.78502,0.005,0.89963,0.30079,0.63452
0.47596,0.00579,0.91515,0.00333,0.85129,0.31512,0.49161
0.30714,0.00668,0.98,0.005,0.67249,0.28773,0.49091
